[
    {
        "id": 1,
        "nom": "Ampoule LED",
        "prix": 60,
        "categorie": "Optiques"
    },
    {
        "id": 2,
        "nom": "Plaquettes de frein (x4)",
        "prix": 40,
        "categorie": "Freinage"
    },
    {
        "id": 3,
        "nom": "Ampoule boîte à gants",
        "prix": 5.49,
        "categorie": "Optiques"
    },
    {
        "id": 4,
        "nom": "Liquide de frein",
        "prix": 9.60,
        "categorie": "Freinage"
    },
    {
        "id": 5,
        "nom": "Balai d'essuie-glace",
        "prix": 29.10
    }
]
